Type of User,Source,Device,Returning Visitor,New Visitor,Google CPC,TripAdvisor,Direct,DFA,Email,Referral,Desktop,Mobile,Tablet,Users,Sessions,No of Pages Visited,No of Transactions,Revenue
Returning Visitor,google / organic,desktop,1,0,0,0,0,0,0,0,1,0,0,7240,10776,45328,64,456710.54
Returning Visitor,google / organic,desktop,1,0,0,0,0,0,0,0,1,0,0,21442,35015,173192,130,362368.88
New Visitor,(direct) / (none),desktop,0,1,0,0,1,0,0,0,1,0,0,2989,2996,7989,13,341553.9
Returning Visitor,google / organic,desktop,1,0,0,0,0,0,0,0,1,0,0,2637,4112,16936,15,278226.12
Returning Visitor,google / cpc,desktop,1,0,1,0,0,0,0,0,1,0,0,3538,5179,21534,35,216213
New Visitor,(direct) / (none),desktop,0,1,0,0,1,0,0,0,1,0,0,25099,25134,42127,142,205255.96
New Visitor,google / organic,desktop,0,1,0,0,0,0,0,0,1,0,0,23225,23302,90779,28,187332.8
Returning Visitor,(direct) / (none),desktop,1,0,0,0,1,0,0,0,1,0,0,4826,7648,32763,55,185295.97
Returning Visitor,google / cpc,desktop,1,0,1,0,0,0,0,0,1,0,0,11348,17901,87182,54,183433.04
Returning Visitor,google / organic,desktop,1,0,0,0,0,0,0,0,1,0,0,6487,10222,39352,81,182811.98
New Visitor,(direct) / (none),desktop,0,1,0,0,1,0,0,0,1,0,0,39809,39889,124803,53,173811.89
Returning Visitor,(direct) / (none),desktop,1,0,0,0,1,0,0,0,1,0,0,1702,3127,12016,117,164244.41
Returning Visitor,(direct) / (none),desktop,1,0,0,0,1,0,0,0,1,0,0,1059,2370,7199,21,159718.05
Returning Visitor,google / organic,desktop,1,0,0,0,0,0,0,0,1,0,0,9077,14250,61015,89,139830.83
Returning Visitor,google / cpc,desktop,1,0,1,0,0,0,0,0,1,0,0,4147,6894,24709,78,138872.38
Returning Visitor,(direct) / (none),desktop,1,0,0,0,1,0,0,0,1,0,0,4690,6937,28027,94,130114.94
New Visitor,(direct) / (none),desktop,0,1,0,0,1,0,0,0,1,0,0,8288,8305,26337,18,129369.65
Returning Visitor,google / organic,desktop,1,0,0,0,0,0,0,0,1,0,0,8045,13085,52658,101,126359.52
Returning Visitor,google / cpc,desktop,1,0,1,0,0,0,0,0,1,0,0,4887,8874,33869,116,109825.32
Returning Visitor,dfa / cpm,desktop,1,0,0,0,0,1,0,0,1,0,0,951,2043,6653,37,102609.58
New Visitor,(direct) / (none),desktop,0,1,0,0,1,0,0,0,1,0,0,42959,42999,118835,75,93777.52
Returning Visitor,google / cpc,desktop,1,0,1,0,0,0,0,0,1,0,0,1371,2405,10774,46,93152.82
Returning Visitor,google / cpc,desktop,1,0,1,0,0,0,0,0,1,0,0,5746,9252,37526,56,91640.88
New Visitor,(direct) / (none),desktop,0,1,0,0,1,0,0,0,1,0,0,48,48,99,3,88672
Returning Visitor,(direct) / (none),desktop,1,0,0,0,1,0,0,0,1,0,0,398,848,3520,1,87936
Returning Visitor,dfa / cpm,desktop,1,0,0,0,0,1,0,0,1,0,0,644,1945,6169,40,86961.74
Returning Visitor,(direct) / (none),desktop,1,0,0,0,1,0,0,0,1,0,0,581,827,2993,21,85979.73
Returning Visitor,google / organic,desktop,1,0,0,0,0,0,0,0,1,0,0,2327,3857,17247,37,85132.91
Returning Visitor,google / cpc,desktop,1,0,1,0,0,0,0,0,1,0,0,2426,4438,18199,46,84063.54
New Visitor,(direct) / (none),desktop,0,1,0,0,1,0,0,0,1,0,0,3440,3441,10079,27,83596.7
New Visitor,(direct) / (none),desktop,0,1,0,0,1,0,0,0,1,0,0,20151,20179,29638,42,82570.96
New Visitor,google / organic,desktop,0,1,0,0,0,0,0,0,1,0,0,55675,55917,260886,34,78019.11
New Visitor,(direct) / (none),mobile,0,1,0,0,1,0,0,0,0,1,0,6318,6340,27483,5,76834
Returning Visitor,google / organic,desktop,1,0,0,0,0,0,0,0,1,0,0,3788,6286,26765,46,74697.96
Returning Visitor,(direct) / (none),desktop,1,0,0,0,1,0,0,0,1,0,0,1304,1784,5019,31,74064.19
Returning Visitor,dfa / cpm,desktop,1,0,0,0,0,1,0,0,1,0,0,709,2078,6442,42,68800.21
Returning Visitor,(direct) / (none),desktop,1,0,0,0,1,0,0,0,1,0,0,495,744,2812,22,64321.37
Returning Visitor,google / organic,desktop,1,0,0,0,0,0,0,0,1,0,0,1611,2506,10849,28,63675.85
Returning Visitor,google / cpc,desktop,1,0,1,0,0,0,0,0,1,0,0,1270,2212,9196,29,63492.62
Returning Visitor,dfa / cpc,desktop,1,0,0,0,0,1,0,0,1,0,0,1876,2816,14064,21,61435.31
Returning Visitor,(direct) / (none),desktop,1,0,0,0,1,0,0,0,1,0,0,5,8,36,2,60962
New Visitor,google / cpc,desktop,0,1,1,0,0,0,0,0,1,0,0,9365,9408,38891,7,59596
Returning Visitor,google / cpc,desktop,1,0,1,0,0,0,0,0,1,0,0,1470,2341,9687,3,56719
Returning Visitor,bing / organic,desktop,1,0,0,0,0,0,0,0,1,0,0,2982,4926,22992,21,52731.47
Returning Visitor,(direct) / (none),tablet,1,0,0,0,1,0,0,0,0,0,1,390,793,1252,2,52575
Returning Visitor,dfa / cpm,desktop,1,0,0,0,0,1,0,0,1,0,0,43,69,222,1,50737
Returning Visitor,dfa / cpc,desktop,1,0,0,0,0,1,0,0,1,0,0,330,591,2682,9,50677.46
New Visitor,google / cpc,desktop,0,1,1,0,0,0,0,0,1,0,0,8289,8304,26006,25,50536.63
New Visitor,google / organic,desktop,0,1,0,0,0,0,0,0,1,0,0,8118,8171,27492,8,49513.4
New Visitor,google / organic,tablet,0,1,0,0,0,0,0,0,0,0,1,1307,1310,5791,1,48108
Returning Visitor,(direct) / (none),desktop,1,0,0,0,1,0,0,0,1,0,0,336,530,2368,3,45408
Returning Visitor,google / organic,desktop,1,0,0,0,0,0,0,0,1,0,0,7340,13241,56329,19,41334.56
New Visitor,(direct) / (none),desktop,0,1,0,0,1,0,0,0,1,0,0,1646,1652,5875,5,40554.3
New Visitor,google / organic,desktop,0,1,0,0,0,0,0,0,1,0,0,5335,5341,21716,13,39992.08
New Visitor,google / organic,desktop,0,1,0,0,0,0,0,0,1,0,0,21713,21760,68913,51,39143.44
Returning Visitor,dfa / cpc,desktop,1,0,0,0,0,1,0,0,1,0,0,857,1524,5248,17,37703.82
Returning Visitor,yahoo / organic,desktop,1,0,0,0,0,0,0,0,1,0,0,1842,2860,14465,15,37283.7
Returning Visitor,(direct) / (none),desktop,1,0,0,0,1,0,0,0,1,0,0,268,567,1425,3,36707.16
New Visitor,iberostartheclub.com / referral,desktop,0,1,0,0,0,0,0,1,1,0,0,29,29,139,1,34057.5
Returning Visitor,google / organic,desktop,1,0,0,0,0,0,0,0,1,0,0,1935,3440,15641,17,33336.55
Returning Visitor,google / organic,desktop,1,0,0,0,0,0,0,0,1,0,0,1482,2450,9894,19,31760.49
Returning Visitor,google / organic,desktop,1,0,0,0,0,0,0,0,1,0,0,909,1513,6337,15,30650.63
New Visitor,google / organic,desktop,0,1,0,0,0,0,0,0,1,0,0,10889,10905,35622,17,30601.69
Returning Visitor,dfa / cpm,desktop,1,0,0,0,0,1,0,0,1,0,0,502,1282,3728,18,29638
Returning Visitor,adquiramexico.com.mx / referral,desktop,1,0,0,0,0,0,0,1,1,0,0,1,4,11,2,29184
New Visitor,google / cpc,desktop,0,1,1,0,0,0,0,0,1,0,0,4206,4212,15414,17,28483.89
New Visitor,(direct) / (none),tablet,0,1,0,0,1,0,0,0,0,0,1,7258,7281,24121,11,28096.61
Returning Visitor,(direct) / (none),mobile,1,0,0,0,1,0,0,0,0,1,0,1647,2923,9088,2,28083
New Visitor,google / cpc,desktop,0,1,1,0,0,0,0,0,1,0,0,8633,8645,27718,39,27672.18
New Visitor,(direct) / (none),desktop,0,1,0,0,1,0,0,0,1,0,0,5110,5120,12679,17,27365.98
New Visitor,google / cpc,desktop,0,1,1,0,0,0,0,0,1,0,0,22799,22871,109696,12,26677.33
Returning Visitor,bing / organic,desktop,1,0,0,0,0,0,0,0,1,0,0,828,1289,4523,10,26329.85
New Visitor,google / cpc,desktop,0,1,1,0,0,0,0,0,1,0,0,2967,2979,11200,1,25488
Returning Visitor,(direct) / (none),desktop,1,0,0,0,1,0,0,0,1,0,0,804,1139,4451,4,25248.7
Returning Visitor,(direct) / (none),mobile,1,0,0,0,1,0,0,0,0,1,0,3044,5520,17173,4,24903.6
Returning Visitor,TripAdvisor / referral,desktop,1,0,0,1,0,0,0,1,1,0,0,613,919,3185,8,24335.73
Returning Visitor,google / organic,desktop,1,0,0,0,0,0,0,0,1,0,0,9024,14506,59797,9,23791.45
New Visitor,google / organic,desktop,0,1,0,0,0,0,0,0,1,0,0,18231,18270,59506,18,23168.93
Returning Visitor,email / email,desktop,1,0,0,0,0,0,1,0,1,0,0,300,501,2162,4,22867.32
Returning Visitor,google / organic,desktop,1,0,0,0,0,0,0,0,1,0,0,917,1390,6142,10,22817.66
New Visitor,google / organic,desktop,0,1,0,0,0,0,0,0,1,0,0,21034,21048,76219,17,22157.95
Returning Visitor,yahoo / organic,desktop,1,0,0,0,0,0,0,0,1,0,0,59,78,428,1,22092
Returning Visitor,(direct) / (none),desktop,1,0,0,0,1,0,0,0,1,0,0,362,644,2558,13,21002.16
Returning Visitor,clubs.inspiringbenefits.com / referral,desktop,1,0,0,0,0,0,0,1,1,0,0,214,425,2240,23,20788.14
Returning Visitor,dfa / cpm,desktop,1,0,0,0,0,1,0,0,1,0,0,924,2681,6779,35,20501.57
New Visitor,google / cpc,desktop,0,1,1,0,0,0,0,0,1,0,0,10743,10757,39125,14,19800.1
Returning Visitor,adquiramexico.com.mx / referral,mobile,1,0,0,0,0,0,0,1,0,1,0,2,2,3,1,19584
Returning Visitor,(direct) / (none),desktop,1,0,0,0,1,0,0,0,1,0,0,309,565,2557,7,19260.59
Returning Visitor,google / organic,desktop,1,0,0,0,0,0,0,0,1,0,0,477,792,3232,14,18630.46
Returning Visitor,yandex / organic,desktop,1,0,0,0,0,0,0,0,1,0,0,447,847,4142,10,18386.16
Returning Visitor,(direct) / (none),tablet,1,0,0,0,1,0,0,0,0,0,1,596,902,3073,4,17705.6
New Visitor,google / organic,mobile,0,1,0,0,0,0,0,0,0,1,0,5345,5361,36170,2,17704.1
Returning Visitor,email / email,desktop,1,0,0,0,0,0,1,0,1,0,0,1400,1942,6929,10,17589.01
Returning Visitor,adquiramexico.com.mx / referral,desktop,1,0,0,0,0,0,0,1,1,0,0,4,10,35,1,17220
Returning Visitor,google / cpc,desktop,1,0,1,0,0,0,0,0,1,0,0,483,790,3230,13,16867.92
Returning Visitor,google / cpc,desktop,1,0,1,0,0,0,0,0,1,0,0,647,1036,3824,10,16033.7
Returning Visitor,google / organic,desktop,1,0,0,0,0,0,0,0,1,0,0,373,619,2813,9,15682.68
Returning Visitor,(direct) / (none),desktop,1,0,0,0,1,0,0,0,1,0,0,222,310,1023,10,14809.44
Returning Visitor,olehotels.com / referral,desktop,1,0,0,0,0,0,0,1,1,0,0,536,750,1843,15,14564.44
New Visitor,google / organic,desktop,0,1,0,0,0,0,0,0,1,0,0,1222,1226,4206,3,14539.9
Returning Visitor,iberostartheclub.com / referral,desktop,1,0,0,0,0,0,0,1,1,0,0,46,134,508,1,14202
Returning Visitor,google / organic,desktop,1,0,0,0,0,0,0,0,1,0,0,287,476,1750,3,14098.3
New Visitor,google / organic,desktop,0,1,0,0,0,0,0,0,1,0,0,5375,5379,15914,8,13739.09
Returning Visitor,google / organic,tablet,1,0,0,0,0,0,0,0,0,0,1,7672,14545,55760,8,13366.81
Returning Visitor,google / cpc,desktop,1,0,1,0,0,0,0,0,1,0,0,254,487,2112,9,13187.88
Returning Visitor,bmail.uol.com.br / referral,desktop,1,0,0,0,0,0,0,1,1,0,0,6,12,60,2,12932
Returning Visitor,facebook.com / referral,desktop,1,0,0,0,0,0,0,1,1,0,0,28,38,133,1,12812
New Visitor,google / cpc,desktop,0,1,1,0,0,0,0,0,1,0,0,2283,2286,8056,7,12710.51
Returning Visitor,email / email,desktop,1,0,0,0,0,0,1,0,1,0,0,523,711,2255,6,12420.77
New Visitor,(direct) / (none),mobile,0,1,0,0,1,0,0,0,0,1,0,12968,13002,61714,3,12124
New Visitor,(direct) / (none),desktop,0,1,0,0,1,0,0,0,1,0,0,2333,2338,5825,10,12105.39
Returning Visitor,google / cpc,desktop,1,0,1,0,0,0,0,0,1,0,0,632,995,3862,9,11929.1
Returning Visitor,google / organic,desktop,1,0,0,0,0,0,0,0,1,0,0,3,6,86,7,11844
Returning Visitor,bing / organic,desktop,1,0,0,0,0,0,0,0,1,0,0,159,226,944,3,11503.2
New Visitor,(direct) / (none),mobile,0,1,0,0,1,0,0,0,0,1,0,588,590,2842,2,11485.23
Returning Visitor,dfa / cpm,desktop,1,0,0,0,0,1,0,0,1,0,0,131,223,498,2,11324
New Visitor,(direct) / (none),desktop,0,1,0,0,1,0,0,0,1,0,0,2064,2073,4980,5,11072.39
New Visitor,dfa / cpm,desktop,0,1,0,0,0,1,0,0,1,0,0,489,489,965,10,10949.37
New Visitor,google / organic,desktop,0,1,0,0,0,0,0,0,1,0,0,4014,4033,16434,5,10901.62
New Visitor,bing / organic,desktop,0,1,0,0,0,0,0,0,1,0,0,7438,7475,35200,6,10871.22
Returning Visitor,trivago.de / referral,desktop,1,0,0,0,0,0,0,1,1,0,0,318,467,1243,7,10686.61
Returning Visitor,google / organic,desktop,1,0,0,0,0,0,0,0,1,0,0,43,67,278,3,10601.24
New Visitor,bing / organic,desktop,0,1,0,0,0,0,0,0,1,0,0,1965,1969,6817,6,10517.83
Returning Visitor,bing / organic,desktop,1,0,0,0,0,0,0,0,1,0,0,303,525,2333,4,10130.47
Returning Visitor,(direct) / (none),mobile,1,0,0,0,1,0,0,0,0,1,0,2177,3971,10714,3,10108.33
New Visitor,google / cpc,desktop,0,1,1,0,0,0,0,0,1,0,0,2338,2341,8885,6,10090.1
Returning Visitor,sofort.com / referral,desktop,1,0,0,0,0,0,0,1,1,0,0,5,5,34,4,10074.56
New Visitor,(direct) / (none),desktop,0,1,0,0,1,0,0,0,1,0,0,2061,2063,4883,4,10061.18
Returning Visitor,bing / organic,desktop,1,0,0,0,0,0,0,0,1,0,0,86,124,473,1,10002
Returning Visitor,google / cpc,desktop,1,0,1,0,0,0,0,0,1,0,0,590,927,3716,7,9865.41
Returning Visitor,google / organic,desktop,1,0,0,0,0,0,0,0,1,0,0,430,813,2599,3,9643.08
New Visitor,google / organic,desktop,0,1,0,0,0,0,0,0,1,0,0,3676,3688,13584,7,9589.52
New Visitor,google / organic,desktop,0,1,0,0,0,0,0,0,1,0,0,13555,13644,56347,8,9413.2
Returning Visitor,iberostarpoints.com / referral,desktop,1,0,0,0,0,0,0,1,1,0,0,48,65,345,4,9318.81
Returning Visitor,olehotels.com / referral,desktop,1,0,0,0,0,0,0,1,1,0,0,140,237,508,8,9251.35
Returning Visitor,(direct) / (none),desktop,1,0,0,0,1,0,0,0,1,0,0,1,2,25,2,9250.14
Returning Visitor,trivago.es / referral,desktop,1,0,0,0,0,0,0,1,1,0,0,349,468,1103,9,9091.65
New Visitor,(direct) / (none),desktop,0,1,0,0,1,0,0,0,1,0,0,1570,1570,4685,6,9029.86
New Visitor,(direct) / (none),desktop,0,1,0,0,1,0,0,0,1,0,0,188,188,512,4,8992.96
Returning Visitor,bing / organic,desktop,1,0,0,0,0,0,0,0,1,0,0,159,255,1163,4,8932.24
Returning Visitor,email / email,desktop,1,0,0,0,0,0,1,0,1,0,0,327,479,1722,5,8840.79
Returning Visitor,mail.uol.com.br / referral,desktop,1,0,0,0,0,0,0,1,1,0,0,8,9,33,1,8712.9
New Visitor,google / cpc,desktop,0,1,1,0,0,0,0,0,1,0,0,322,323,1040,3,8712.33
Returning Visitor,dfa / cpc,tablet,1,0,0,0,0,1,0,0,0,0,1,5095,10959,20641,3,8604.31
Returning Visitor,google / organic,desktop,1,0,0,0,0,0,0,0,1,0,0,166,285,1197,3,8505.1
Returning Visitor,trivago.co.uk / referral,desktop,1,0,0,0,0,0,0,1,1,0,0,213,281,664,7,8450.29
Returning Visitor,dfa / cpc,desktop,1,0,0,0,0,1,0,0,1,0,0,368,698,2509,7,8402.55
Returning Visitor,newsletter_AM0068_1 / emailEN,desktop,1,0,0,0,0,0,1,0,1,0,0,60,67,292,1,8373
Returning Visitor,mail2.virginmedia.com / referral,desktop,1,0,0,0,0,0,0,1,1,0,0,2,2,9,1,8333.68
Returning Visitor,TripAdvisor / referral,tablet,1,0,0,1,0,0,0,1,0,0,1,110,149,448,2,8199.17
Returning Visitor,google / organic,desktop,1,0,0,0,0,0,0,0,1,0,0,236,355,1267,8,8118.92
New Visitor,(direct) / (none),mobile,0,1,0,0,1,0,0,0,0,1,0,9177,9195,51633,3,8019.6
New Visitor,(direct) / (none),desktop,0,1,0,0,1,0,0,0,1,0,0,2143,2150,5238,7,8000.56
Returning Visitor,google / organic,mobile,1,0,0,0,0,0,0,0,0,1,0,10800,19231,115682,3,7789.32
New Visitor,(direct) / (none),desktop,0,1,0,0,1,0,0,0,1,0,0,449,450,1248,4,7587.17
Returning Visitor,dfa / cpc,desktop,1,0,0,0,0,1,0,0,1,0,0,482,967,3395,8,7460.92
Returning Visitor,mail.hoytbryan.com / referral,mobile,1,0,0,0,0,0,0,1,0,1,0,1,3,35,1,7381.5
Returning Visitor,grandhotelmencey.com / referral,desktop,1,0,0,0,0,0,0,1,1,0,0,30,62,142,9,7335.59
Returning Visitor,google / organic,desktop,1,0,0,0,0,0,0,0,1,0,0,238,364,1314,5,7233.54
New Visitor,dfa / cpc,desktop,0,1,0,0,0,1,0,0,1,0,0,608,608,1902,2,7070.71
New Visitor,bing / organic,desktop,0,1,0,0,0,0,0,0,1,0,0,606,609,2468,1,7029
New Visitor,email / email,desktop,0,1,0,0,0,0,1,0,1,0,0,686,687,1746,2,6845.46
Returning Visitor,email / email,desktop,1,0,0,0,0,0,1,0,1,0,0,54,90,358,3,6772.31
Returning Visitor,google / organic,tablet,1,0,0,0,0,0,0,0,0,0,1,315,602,3062,1,6747.52
Returning Visitor,(direct) / (none),desktop,1,0,0,0,1,0,0,0,1,0,0,17,26,117,3,6699.31
New Visitor,google / organic,desktop,0,1,0,0,0,0,0,0,1,0,0,318,318,1059,2,6605.5
Returning Visitor,tripadvisor / cpc,desktop,1,0,0,1,0,0,0,0,1,0,0,95,121,318,2,6599.94
Returning Visitor,TripAdvisor / referral,desktop,1,0,0,1,0,0,0,1,1,0,0,211,339,1125,3,6568.73
Returning Visitor,google / cpc,desktop,1,0,1,0,0,0,0,0,1,0,0,121,206,891,4,6427.87
Returning Visitor,google / organic,tablet,1,0,0,0,0,0,0,0,0,0,1,6345,12474,54952,2,6392.19
Returning Visitor,email / email,desktop,1,0,0,0,0,0,1,0,1,0,0,602,859,3379,7,6372.03
Returning Visitor,facebook.com / referral,desktop,1,0,0,0,0,0,0,1,1,0,0,5,9,59,2,6310.22
New Visitor,(direct) / (none),desktop,0,1,0,0,1,0,0,0,1,0,0,288,288,689,2,6230.37
Returning Visitor,kingtale2.inspsearch.com / referral,desktop,1,0,0,0,0,0,0,1,1,0,0,2,3,23,1,6201.6
Returning Visitor,AutoNewsRegistro / email,desktop,1,0,0,0,0,0,1,0,1,0,0,16,32,173,2,6124.77
Returning Visitor,dfa / cpc,desktop,1,0,0,0,0,1,0,0,1,0,0,430,677,2493,6,6111.63
Returning Visitor,facebook.com / referral,desktop,1,0,0,0,0,0,0,1,1,0,0,203,309,1344,5,6064.5
New Visitor,yahoo / organic,desktop,0,1,0,0,0,0,0,0,1,0,0,211,210,896,1,6010
New Visitor,dfa / cpm,desktop,0,1,0,0,0,1,0,0,1,0,0,1749,1751,4000,8,6008.96
Returning Visitor,TripAdvisor / referral,desktop,1,0,0,1,0,0,0,1,1,0,0,184,305,1106,6,6007.51
Returning Visitor,(direct) / (none),mobile,1,0,0,0,1,0,0,0,0,1,0,8236,14482,54267,3,5988.98
New Visitor,google / organic,desktop,0,1,0,0,0,0,0,0,1,0,0,28447,28557,109988,2,5977.09
Returning Visitor,facebook.com / referral,desktop,1,0,0,0,0,0,0,1,1,0,0,9,21,94,1,5968.41
Returning Visitor,trivago.fr / referral,desktop,1,0,0,0,0,0,0,1,1,0,0,175,233,576,4,5912.22
Returning Visitor,google / organic,desktop,1,0,0,0,0,0,0,0,1,0,0,125,218,1049,2,5874.21
Returning Visitor,(direct) / (none),mobile,1,0,0,0,1,0,0,0,0,1,0,3476,7015,19977,16,5777.08
Returning Visitor,dfa / cpm,desktop,1,0,0,0,0,1,0,0,1,0,0,63,112,326,1,5742
Returning Visitor,dfa / cpm,desktop,1,0,0,0,0,1,0,0,1,0,0,83,224,672,5,5739.05
Returning Visitor,iberostarpoints.com / referral,tablet,1,0,0,0,0,0,0,1,0,0,1,3,3,23,1,5731.2
Returning Visitor,suedzucker.mitarbeiterangebote.de / referral,desktop,1,0,0,0,0,0,0,1,1,0,0,1,14,82,1,5670.19
Returning Visitor,(direct) / (none),desktop,1,0,0,0,1,0,0,0,1,0,0,53,83,227,1,5628.12
Returning Visitor,bing / organic,mobile,1,0,0,0,0,0,0,0,0,1,0,391,687,3995,3,5625.4
New Visitor,bing / organic,desktop,0,1,0,0,0,0,0,0,1,0,0,825,827,2809,2,5400.8
New Visitor,email / email,desktop,0,1,0,0,0,0,1,0,1,0,0,305,307,943,2,5350.57
Returning Visitor,dbm / cpm,desktop,1,0,0,0,0,0,0,0,1,0,0,293,396,1180,3,5343.3
Returning Visitor,google / organic,desktop,1,0,0,0,0,0,0,0,1,0,0,753,1380,5366,5,5310.78
Returning Visitor,google / (not set),desktop,1,0,0,0,0,0,0,0,1,0,0,100,124,512,3,5297.64
Returning Visitor,google / cpc,desktop,1,0,1,0,0,0,0,0,1,0,0,79,139,707,4,5290.99
Returning Visitor,(direct) / (none),desktop,1,0,0,0,1,0,0,0,1,0,0,270,398,1559,3,5276.62
Returning Visitor,google / organic,desktop,1,0,0,0,0,0,0,0,1,0,0,122,198,657,9,5264.81
Returning Visitor,google / cpc,desktop,1,0,1,0,0,0,0,0,1,0,0,153,233,795,2,5249.83
New Visitor,google / cpc,desktop,0,1,1,0,0,0,0,0,1,0,0,70,71,174,1,5243.1
New Visitor,colectivosvip.com / referral,desktop,0,1,0,0,0,0,0,1,1,0,0,194,194,592,2,5233.28
Returning Visitor,google / cpc,desktop,1,0,1,0,0,0,0,0,1,0,0,180,318,1187,3,5206.33
Returning Visitor,olehotels.com / referral,desktop,1,0,0,0,0,0,0,1,1,0,0,73,131,311,6,5145.53
Returning Visitor,grandhotelmencey.com / referral,desktop,1,0,0,0,0,0,0,1,1,0,0,127,166,397,13,5127.09
Returning Visitor,gestamp-germany.mitarbeiterangebote.de / referral,desktop,1,0,0,0,0,0,0,1,1,0,0,1,11,75,1,5022.42
New Visitor,(direct) / (none),desktop,0,1,0,0,1,0,0,0,1,0,0,1780,1782,4689,5,5017.19
Returning Visitor,bing / organic,desktop,1,0,0,0,0,0,0,0,1,0,0,741,1141,4797,5,4997.7
Returning Visitor,dfa / cpc,mobile,1,0,0,0,0,1,0,0,0,1,0,94,156,562,1,4995.86
New Visitor,ask / organic,desktop,0,1,0,0,0,0,0,0,1,0,0,35,35,134,1,4964
New Visitor,google / cpc,desktop,0,1,1,0,0,0,0,0,1,0,0,1128,1129,4268,2,4938.8
New Visitor,trivago.es / referral,desktop,0,1,0,0,0,0,0,1,1,0,0,1064,1065,1657,7,4917.63
Returning Visitor,dfa / cpm,desktop,1,0,0,0,0,1,0,0,1,0,0,33,102,231,4,4856.32
Returning Visitor,yahoo / organic,desktop,1,0,0,0,0,0,0,0,1,0,0,93,143,715,1,4788
New Visitor,yandex / organic,desktop,0,1,0,0,0,0,0,0,1,0,0,926,927,3723,3,4767.53
New Visitor,google / cpc,desktop,0,1,1,0,0,0,0,0,1,0,0,932,934,3285,3,4659.1
New Visitor,(direct) / (none),mobile,0,1,0,0,1,0,0,0,0,1,0,14247,14288,63791,9,4631.16
New Visitor,google / cpc,desktop,0,1,1,0,0,0,0,0,1,0,0,143,143,489,3,4554.05
Returning Visitor,(direct) / (none),desktop,1,0,0,0,1,0,0,0,1,0,0,75,112,350,2,4548.05
Returning Visitor,google / cpc,desktop,1,0,1,0,0,0,0,0,1,0,0,136,235,927,3,4538.08
Returning Visitor,(direct) / (none),tablet,1,0,0,0,1,0,0,0,0,0,1,32,49,98,1,4392.96
New Visitor,(direct) / (none),tablet,0,1,0,0,1,0,0,0,0,0,1,9221,9258,43268,3,4371.12
New Visitor,(direct) / (none),mobile,0,1,0,0,1,0,0,0,0,1,0,27667,27745,149412,2,4270.5
Returning Visitor,(direct) / (none),desktop,1,0,0,0,1,0,0,0,1,0,0,74,214,467,8,4259.42
Returning Visitor,google / organic,desktop,1,0,0,0,0,0,0,0,1,0,0,326,584,2562,2,4256.64
Returning Visitor,(direct) / (none),desktop,1,0,0,0,1,0,0,0,1,0,0,37,61,310,3,4231.55
Returning Visitor,bing / organic,desktop,1,0,0,0,0,0,0,0,1,0,0,19,36,99,1,4210.71
Returning Visitor,dfa / cpc,tablet,1,0,0,0,0,1,0,0,0,0,1,4588,9993,20131,1,4189.5
Returning Visitor,Facebook / banner,desktop,1,0,0,0,0,0,0,0,1,0,0,1,5,55,1,4179.51
Returning Visitor,trivago.es / referral,tablet,1,0,0,0,0,0,0,1,0,0,1,105,137,281,2,4176.8
Returning Visitor,dfa / cpc,desktop,1,0,0,0,0,1,0,0,1,0,0,12,21,50,1,4172.4
Returning Visitor,dbm / cpm,desktop,1,0,0,0,0,0,0,0,1,0,0,176,310,905,2,4165.48
Returning Visitor,icrs.visitus-inc.com / referral,desktop,1,0,0,0,0,0,0,1,1,0,0,86,120,914,1,4140
Returning Visitor,br.search.yahoo.com / referral,desktop,1,0,0,0,0,0,0,1,1,0,0,21,29,122,1,4134.4
Returning Visitor,google / cpc,desktop,1,0,1,0,0,0,0,0,1,0,0,42,62,236,1,4126.8
Returning Visitor,google / cpc,desktop,1,0,1,0,0,0,0,0,1,0,0,10,16,93,1,4116.31
New Visitor,dfa / cpc,desktop,0,1,0,0,0,1,0,0,1,0,0,1459,1465,4975,2,4026.5
Returning Visitor,ri.search.yahoo.com / referral,desktop,1,0,0,0,0,0,0,1,1,0,0,1,1,9,1,4008.24
Returning Visitor,serviciosexclusivos.aprocta.es / referral,desktop,1,0,0,0,0,0,0,1,1,0,0,1,2,9,2,3993.6
Returning Visitor,(direct) / (none),tablet,1,0,0,0,1,0,0,0,0,0,1,1681,2839,6955,4,3980.64
New Visitor,sana.mitarbeiterangebote.de / referral,desktop,0,1,0,0,0,0,0,1,1,0,0,5,5,21,2,3976.6
Returning Visitor,google / organic,desktop,1,0,0,0,0,0,0,0,1,0,0,85,165,565,2,3974.55
Returning Visitor,grandhotelmirador.com / referral,desktop,1,0,0,0,0,0,0,1,1,0,0,3,13,37,1,3961.2
New Visitor,(direct) / (none),desktop,0,1,0,0,1,0,0,0,1,0,0,150,152,277,8,3939.61
Returning Visitor,google / cpc,desktop,1,0,1,0,0,0,0,0,1,0,0,24,63,324,2,3939.39
Returning Visitor,olehotels.com / referral,desktop,1,0,0,0,0,0,0,1,1,0,0,107,140,375,4,3925.97
Returning Visitor,olehotels.com / referral,tablet,1,0,0,0,0,0,0,1,0,0,1,50,83,193,3,3922.17
Returning Visitor,lufthansa.mitarbeiterangebote.de / referral,desktop,1,0,0,0,0,0,0,1,1,0,0,9,27,94,2,3839.18
Returning Visitor,tripadvisor / cpc,tablet,1,0,0,1,0,0,0,0,0,0,1,26,60,168,3,3817.07
New Visitor,trivago.de / referral,desktop,0,1,0,0,0,0,0,1,1,0,0,1177,1177,2099,5,3743.22
New Visitor,(direct) / (none),tablet,0,1,0,0,1,0,0,0,0,0,1,2817,2826,10365,1,3700.8
Returning Visitor,google / organic,desktop,1,0,0,0,0,0,0,0,1,0,0,451,763,3276,2,3669.8
New Visitor,(direct) / (none),desktop,0,1,0,0,1,0,0,0,1,0,0,4800,4826,16424,3,3662.9
Returning Visitor,olehotels.com / referral,desktop,1,0,0,0,0,0,0,1,1,0,0,379,540,1133,5,3653.06
Returning Visitor,en.iberostarfuerteventurapalace.com / referral,desktop,1,0,0,0,0,0,0,1,1,0,0,7,14,50,1,3652.05
New Visitor,google / organic,desktop,0,1,0,0,0,0,0,0,1,0,0,728,729,2254,2,3650.22
Returning Visitor,google / organic,tablet,1,0,0,0,0,0,0,0,0,0,1,2263,4687,23094,2,3634.74
New Visitor,(direct) / (none),tablet,0,1,0,0,1,0,0,0,0,0,1,1173,1174,4587,1,3628.29
Returning Visitor,email / email,desktop,1,0,0,0,0,0,1,0,1,0,0,154,232,744,2,3591.18
Returning Visitor,tripadvisor / cpc,desktop,1,0,0,1,0,0,0,0,1,0,0,119,191,816,4,3575.01
Returning Visitor,yahoo / organic,desktop,1,0,0,0,0,0,0,0,1,0,0,163,248,1106,2,3534.08
Returning Visitor,google / organic,desktop,1,0,0,0,0,0,0,0,1,0,0,100,174,804,3,3506.1
Returning Visitor,dfa / cpc,mobile,1,0,0,0,0,1,0,0,0,1,0,4983,10400,38528,7,3504.74
Returning Visitor,google / cpc,desktop,1,0,1,0,0,0,0,0,1,0,0,1,3,25,1,3490.45
Returning Visitor,insidertravel.nl / referral,desktop,1,0,0,0,0,0,0,1,1,0,0,55,113,533,3,3479.71
Returning Visitor,google / cpc,desktop,1,0,1,0,0,0,0,0,1,0,0,49,70,228,2,3475.33
Returning Visitor,mail.aol.com / referral,desktop,1,0,0,0,0,0,0,1,1,0,0,8,15,41,2,3472.86
Returning Visitor,grandhotelmirador.com / referral,desktop,1,0,0,0,0,0,0,1,1,0,0,12,18,31,1,3460.6
Returning Visitor,icrs.visitus-inc.com / referral,desktop,1,0,0,0,0,0,0,1,1,0,0,6,8,34,1,3425.5
Returning Visitor,facebook.com / referral,desktop,1,0,0,0,0,0,0,1,1,0,0,10,17,62,1,3420
Returning Visitor,(direct) / (none),desktop,1,0,0,0,1,0,0,0,1,0,0,51,78,351,2,3371.01
Returning Visitor,www2.inbox.com / referral,desktop,1,0,0,0,0,0,0,1,1,0,0,1,1,9,1,3334.2
New Visitor,google / (not set),desktop,0,1,0,0,0,0,0,0,1,0,0,5,5,13,1,3300.22
Returning Visitor,olehotels.com / referral,tablet,1,0,0,0,0,0,0,1,0,0,1,35,59,144,2,3289.95
Returning Visitor,sofort.com / referral,desktop,1,0,0,0,0,0,0,1,1,0,0,1,1,15,1,3284.35
Returning Visitor,dbm / cpm,desktop,1,0,0,0,0,0,0,0,1,0,0,9,13,48,1,3278.88
New Visitor,(direct) / (none),desktop,0,1,0,0,1,0,0,0,1,0,0,17,17,74,1,3268.71
Returning Visitor,google / cpc,desktop,1,0,1,0,0,0,0,0,1,0,0,4,19,50,1,3225.82
Returning Visitor,email / email,desktop,1,0,0,0,0,0,1,0,1,0,0,264,388,1588,3,3222.88
Returning Visitor,dresseldivers.com / referral,desktop,1,0,0,0,0,0,0,1,1,0,0,74,110,314,1,3134.04
Returning Visitor,TripAdvisorUS / CR,desktop,1,0,0,1,0,0,0,0,1,0,0,34,55,199,1,3129.6
Returning Visitor,paypal.com / referral,desktop,1,0,0,0,0,0,0,1,1,0,0,1,1,21,1,3125.97
Returning Visitor,yahoo / organic,desktop,1,0,0,0,0,0,0,0,1,0,0,188,271,1193,3,3114.25
Returning Visitor,berliner-sparkasse.mitarbeiterangebote.de / referral,desktop,1,0,0,0,0,0,0,1,1,0,0,2,4,33,2,3110.51
Returning Visitor,google / organic,desktop,1,0,0,0,0,0,0,0,1,0,0,2025,3452,11739,4,3102.56
Returning Visitor,email_AutoInce2Reserva / email,desktop,1,0,0,0,0,0,1,0,1,0,0,2,9,72,2,3086.91
Returning Visitor,dfa / cpc,desktop,1,0,0,0,0,1,0,0,1,0,0,2,6,26,1,3069.39
Returning Visitor,olehotels.com / referral,desktop,1,0,0,0,0,0,0,1,1,0,0,81,125,289,3,3062.3
Returning Visitor,(direct) / (none),desktop,1,0,0,0,1,0,0,0,1,0,0,82,433,928,1,3053.58
Returning Visitor,email_AutoInce2Reserva / email,desktop,1,0,0,0,0,0,1,0,1,0,0,5,13,88,1,3027.66
New Visitor,yahoo / organic,desktop,0,1,0,0,0,0,0,0,1,0,0,260,260,801,1,2997
Returning Visitor,dfa / cpm,desktop,1,0,0,0,0,1,0,0,1,0,0,129,336,937,2,2982.9
New Visitor,debeka.mitarbeiterangebote.de / referral,desktop,0,1,0,0,0,0,0,1,1,0,0,2,2,13,1,2973.49
Returning Visitor,aberlin / textlink,desktop,1,0,0,0,0,0,0,0,1,0,0,11,21,115,2,2945.6
Returning Visitor,icrs.visitus-inc.com / referral,desktop,1,0,0,0,0,0,0,1,1,0,0,6,34,134,1,2910
New Visitor,(direct) / (none),desktop,0,1,0,0,1,0,0,0,1,0,0,78,78,236,1,2909.48
New Visitor,insidertravel.nl / referral,desktop,0,1,0,0,0,0,0,1,1,0,0,204,204,539,2,2907.13
Returning Visitor,yahoo / organic,desktop,1,0,0,0,0,0,0,0,1,0,0,114,170,766,1,2906.4
New Visitor,dfa / cpc,desktop,0,1,0,0,0,1,0,0,1,0,0,41,42,158,1,2902.09
New Visitor,grandhotelmirador.com / referral,desktop,0,1,0,0,0,0,0,1,1,0,0,10,10,21,1,2895.9
Returning Visitor,travelandleisure.com / referral,desktop,1,0,0,0,0,0,0,1,1,0,0,23,26,107,1,2880
New Visitor,(direct) / (none),tablet,0,1,0,0,1,0,0,0,0,0,1,54,54,222,1,2842
Returning Visitor,google / organic,desktop,1,0,0,0,0,0,0,0,1,0,0,18,27,106,1,2840.4
Returning Visitor,dfa / cpm,desktop,1,0,0,0,0,1,0,0,1,0,0,56,167,478,2,2838
Returning Visitor,CJ / afiliacion,desktop,1,0,0,0,0,0,0,0,1,0,0,3,3,10,1,2836.04
Returning Visitor,suche.t-online.de / referral,desktop,1,0,0,0,0,0,0,1,1,0,0,217,324,1500,2,2813.41
New Visitor,(direct) / (none),mobile,0,1,0,0,1,0,0,0,0,1,0,195,195,617,1,2788.36
Returning Visitor,(direct) / (none),tablet,1,0,0,0,1,0,0,0,0,0,1,2184,3375,13612,2,2776.76
Returning Visitor,dfa / cpc,desktop,1,0,0,0,0,1,0,0,1,0,0,26,50,152,1,2769.5
Returning Visitor,dbm / cpm,desktop,1,0,0,0,0,0,0,0,1,0,0,230,299,719,1,2765.69
Returning Visitor,paypal.com / referral,desktop,1,0,0,0,0,0,0,1,1,0,0,2,2,17,2,2755.28
New Visitor,google / cpc,desktop,0,1,1,0,0,0,0,0,1,0,0,174,174,558,1,2747.76
New Visitor,iberostaranthelia.com / referral,desktop,0,1,0,0,0,0,0,1,1,0,0,3,4,22,1,2722.51
Returning Visitor,trivago.it / referral,desktop,1,0,0,0,0,0,0,1,1,0,0,81,122,293,3,2683.55
Returning Visitor,olehotels.com / referral,desktop,1,0,0,0,0,0,0,1,1,0,0,171,231,570,3,2673.3
Returning Visitor,trivago.dk / referral,desktop,1,0,0,0,0,0,0,1,1,0,0,34,47,177,1,2635.92
New Visitor,(direct) / (none),desktop,0,1,0,0,1,0,0,0,1,0,0,778,779,1616,2,2606.6
New Visitor,email / email,desktop,0,1,0,0,0,0,1,0,1,0,0,278,278,948,1,2593.74
New Visitor,tripadvisor / cpc,tablet,0,1,0,1,0,0,0,0,0,0,1,264,264,415,1,2592
Returning Visitor,web.orangemail.es / referral,desktop,1,0,0,0,0,0,1,1,1,0,0,5,5,50,2,2571.88
New Visitor,(direct) / (none),desktop,0,1,0,0,1,0,0,0,1,0,0,4,4,31,1,2562
Returning Visitor,trivago.fr / referral,desktop,1,0,0,0,0,0,0,1,1,0,0,6,7,19,1,2539.35
Returning Visitor,olehotels.com / referral,mobile,1,0,0,0,0,0,0,1,0,1,0,1,6,21,2,2537.6
New Visitor,(direct) / (none),tablet,0,1,0,0,1,0,0,0,0,0,1,113,113,348,1,2522.1
New Visitor,google / cpc,desktop,0,1,1,0,0,0,0,0,1,0,0,359,359,1070,1,2517.61
Returning Visitor,trivago.no / referral,desktop,1,0,0,0,0,0,0,1,1,0,0,25,44,296,1,2494.7
New Visitor,(direct) / (none),tablet,0,1,0,0,1,0,0,0,0,0,1,399,398,1583,1,2480.62
New Visitor,(direct) / (none),mobile,0,1,0,0,1,0,0,0,0,1,0,8209,8226,34460,2,2479.31
New Visitor,dfa / cpc,desktop,0,1,0,0,0,1,0,0,1,0,0,643,646,2137,2,2473.84
Returning Visitor,trivago.dk / referral,tablet,1,0,0,0,0,0,0,1,0,0,1,21,38,158,1,2470.37
Returning Visitor,google / organic,desktop,1,0,0,0,0,0,0,0,1,0,0,120,183,708,1,2461.18
New Visitor,(direct) / (none),tablet,0,1,0,0,1,0,0,0,0,0,1,9495,9507,46428,2,2460.84
New Visitor,(direct) / (none),mobile,0,1,0,0,1,0,0,0,0,1,0,775,775,2989,1,2411.96
Returning Visitor,icrs.visitus-inc.com / referral,desktop,1,0,0,0,0,0,0,1,1,0,0,7,12,60,1,2397.6
New Visitor,(direct) / (none),desktop,0,1,0,0,1,0,0,0,1,0,0,364,364,969,1,2369.68
New Visitor,google / organic,desktop,0,1,0,0,0,0,0,0,1,0,0,342,344,1050,1,2322.75
New Visitor,clubs.inspiringbenefits.com / referral,desktop,0,1,0,0,0,0,0,1,1,0,0,425,428,1270,1,2322.46
Returning Visitor,yahoo / organic,desktop,1,0,0,0,0,0,0,0,1,0,0,1,3,90,1,2299.5
Returning Visitor,TripAdvisor / referral,desktop,1,0,0,1,0,0,0,1,1,0,0,18,29,99,1,2286.17
New Visitor,TripAdvisor / referral,desktop,0,1,0,1,0,0,0,1,1,0,0,1481,1488,3855,3,2283.76
New Visitor,mywedding.com / referral,tablet,0,1,0,0,0,0,0,1,0,0,1,4,4,18,1,2268
New Visitor,google / organic,desktop,0,1,0,0,0,0,0,0,1,0,0,260,261,951,2,2262.88
Returning Visitor,bing / organic,desktop,1,0,0,0,0,0,0,0,1,0,0,990,1555,6410,1,2261
New Visitor,duckduckgo.com / referral,desktop,0,1,0,0,0,0,0,1,1,0,0,1,1,32,1,2252.48
Returning Visitor,iberostaranthelia.com / referral,desktop,1,0,0,0,0,0,0,1,1,0,0,10,16,41,1,2248.72
Returning Visitor,email / email,desktop,1,0,0,0,0,0,1,0,1,0,0,109,164,596,2,2245.57
Returning Visitor,(direct) / (none),tablet,1,0,0,0,1,0,0,0,0,0,1,2305,3788,13219,1,2229.38
New Visitor,(direct) / (none),desktop,0,1,0,0,1,0,0,0,1,0,0,387,390,1240,1,2226
Returning Visitor,bing / organic,desktop,1,0,0,0,0,0,0,0,1,0,0,139,224,953,1,2223.48
Returning Visitor,TripAdvisor / referral,desktop,1,0,0,1,0,0,0,1,1,0,0,18,29,139,2,2209.84
New Visitor,dfa / cpc,desktop,0,1,0,0,0,1,0,0,1,0,0,3649,3662,18191,2,2208
Returning Visitor,olehotels.com / referral,mobile,1,0,0,0,0,0,0,1,0,1,0,213,315,672,2,2197.79
New Visitor,google / cpc,desktop,0,1,1,0,0,0,0,0,1,0,0,64,64,232,1,2182.95
Returning Visitor,webmailbb.netzero.net / referral,desktop,1,0,0,0,0,0,0,1,1,0,0,1,7,53,1,2181.15
New Visitor,google / cpc,desktop,0,1,1,0,0,0,0,0,1,0,0,1061,1069,3697,1,2161.41
Returning Visitor,AutoNewsRegistro / email,desktop,1,0,0,0,0,0,1,0,1,0,0,25,37,243,1,2156.96
New Visitor,(direct) / (none),desktop,0,1,0,0,1,0,0,0,1,0,0,538,538,1266,2,2143.32
New Visitor,grandhotelmencey.com / referral,desktop,0,1,0,0,0,0,0,1,1,0,0,305,306,498,6,2141.61
New Visitor,duckduckgo.com / referral,tablet,0,1,0,0,0,0,0,1,0,0,1,24,24,127,1,2133.13
New Visitor,yahoo / organic,desktop,0,1,0,0,0,0,0,0,1,0,0,4254,4276,21514,1,2116.8
New Visitor,(direct) / (none),tablet,0,1,0,0,1,0,0,0,0,0,1,2327,2332,8136,1,2116.12
Returning Visitor,yahoo / organic,tablet,1,0,0,0,0,0,0,0,0,0,1,848,1525,7412,1,2100
New Visitor,no.search.yahoo.com / referral,desktop,0,1,0,0,0,0,0,1,1,0,0,4,4,35,1,2089.96
New Visitor,(direct) / (none),desktop,0,1,0,0,1,0,0,0,1,0,0,290,292,609,4,2086.5
Returning Visitor,(direct) / (none),desktop,1,0,0,0,1,0,0,0,1,0,0,114,585,1419,1,2085
New Visitor,bing / organic,desktop,0,1,0,0,0,0,0,0,1,0,0,1665,1666,6481,2,2084.12
Returning Visitor,cdn.viglink.com / referral,desktop,1,0,0,0,0,0,0,1,1,0,0,37,42,191,1,2079
Returning Visitor,dfa / cpm,desktop,1,0,0,0,0,1,0,0,1,0,0,35,189,645,2,2069.63
Returning Visitor,images.google.de / referral,desktop,1,0,0,0,0,0,0,1,1,0,0,296,354,964,1,2051.78
Returning Visitor,bing / organic,desktop,1,0,0,0,0,0,0,0,1,0,0,15,26,124,1,2043.36
New Visitor,google / organic,desktop,0,1,0,0,0,0,0,0,1,0,0,669,671,2110,1,2040.08
Returning Visitor,fr.search.yahoo.com / referral,desktop,1,0,0,0,0,0,0,1,1,0,0,27,37,132,1,2036.68
New Visitor,google / organic,desktop,0,1,0,0,0,0,0,0,1,0,0,2097,2099,8008,2,2010.6
Returning Visitor,(direct) / (none),desktop,1,0,0,0,1,0,0,0,1,0,0,75,120,386,1,2009.61
Returning Visitor,email / email,desktop,1,0,0,0,0,0,1,0,1,0,0,3,6,31,1,1950.08
Returning Visitor,en.iberostarfuerteventurapalace.com / referral,tablet,1,0,0,0,0,0,0,1,0,0,1,7,14,41,1,1906.82
Returning Visitor,newsletter / email,desktop,1,0,0,0,0,0,1,0,1,0,0,3,6,96,4,1901.28
New Visitor,email / email,desktop,0,1,0,0,0,0,1,0,1,0,0,821,821,1929,1,1891.07
Returning Visitor,(direct) / (none),desktop,1,0,0,0,1,0,0,0,1,0,0,10,17,84,1,1890.72
Returning Visitor,TripAdvisor / referral,desktop,1,0,0,1,0,0,0,1,1,0,0,13,27,103,1,1878.6
Returning Visitor,olehotels.com / referral,tablet,1,0,0,0,0,0,0,1,0,0,1,26,29,65,2,1870.57
Returning Visitor,hoteldelasletras.com / referral,desktop,1,0,0,0,0,0,0,1,1,0,0,81,107,192,6,1863.4
Returning Visitor,(direct) / (none),mobile,1,0,0,0,1,0,0,0,0,1,0,2176,3990,10771,2,1859.15
Returning Visitor,poczta.wp.pl / referral,desktop,1,0,0,0,0,0,0,1,1,0,0,5,14,114,1,1848.03
Returning Visitor,olehotels.com / referral,desktop,1,0,0,0,0,0,0,1,1,0,0,9,15,45,2,1831.05
New Visitor,email / email,desktop,0,1,0,0,0,0,1,0,1,0,0,349,349,907,1,1820.11
Returning Visitor,tripadvisor / cpc,tablet,1,0,0,1,0,0,0,0,0,0,1,9,11,27,1,1806
Returning Visitor,myvouchercodes.co.uk / referral,tablet,1,0,0,0,0,0,0,1,0,0,1,2,5,46,1,1795.69
Returning Visitor,promopro.co.uk / referral,desktop,1,0,0,0,0,0,0,1,1,0,0,1,3,15,1,1791.72
Returning Visitor,dfa / cpm,desktop,1,0,0,0,0,1,0,0,1,0,0,74,161,407,2,1782.05
New Visitor,email_AutoInce2Reserva / email,desktop,0,1,0,0,0,0,1,0,1,0,0,2,2,18,1,1772.93
Returning Visitor,google / organic,desktop,1,0,0,0,0,0,0,0,1,0,0,41,63,287,2,1771.02
Returning Visitor,iberostarplayagaviotas.com / referral,tablet,1,0,0,0,0,0,0,1,0,0,1,8,17,30,2,1759.2
Returning Visitor,dfa / cpm,tablet,1,0,0,0,0,1,0,0,0,0,1,422,1172,2671,1,1756
Returning Visitor,dfa / cpm,desktop,1,0,0,0,0,1,0,0,1,0,0,3,6,56,2,1748.85
Returning Visitor,tripadvisor / cpc,tablet,1,0,0,1,0,0,0,0,0,0,1,57,78,160,1,1738.38
Returning Visitor,olehotels.com / referral,desktop,1,0,0,0,0,0,0,1,1,0,0,122,199,506,3,1738.33
Returning Visitor,sofort.com / referral,desktop,1,0,0,0,0,0,0,1,1,0,0,5,6,11,2,1736.34
Returning Visitor,olehotels.com / referral,desktop,1,0,0,0,0,0,0,1,1,0,0,12,15,29,1,1731.66
Returning Visitor,google / organic,desktop,1,0,0,0,0,0,0,0,1,0,0,70,107,383,2,1730.7
New Visitor,hoteldelasletras.com / referral,desktop,0,1,0,0,0,0,0,1,1,0,0,52,52,75,2,1722.6
New Visitor,google / cpc,desktop,0,1,1,0,0,0,0,0,1,0,0,422,424,1540,1,1716.31
New Visitor,google / organic,mobile,0,1,0,0,0,0,0,0,0,1,0,10223,10257,54328,1,1692.87
New Visitor,google / organic,desktop,0,1,0,0,0,0,0,0,1,0,0,13,13,25,1,1692
Returning Visitor,google / cpc,desktop,1,0,1,0,0,0,0,0,1,0,0,899,1212,5705,2,1686.68
Returning Visitor,clubs.inspiringbenefits.com / referral,desktop,1,0,0,0,0,0,0,1,1,0,0,2,10,80,2,1682.2
New Visitor,google / organic,mobile,0,1,0,0,0,0,0,0,0,1,0,28780,28892,225794,1,1680
Returning Visitor,google / organic,desktop,1,0,0,0,0,0,0,0,1,0,0,73,117,357,1,1619.8
Returning Visitor,insidertravelpep.com / referral,desktop,1,0,0,0,0,0,0,1,1,0,0,56,106,415,1,1615.38
New Visitor,trivago.dk / referral,tablet,0,1,0,0,0,0,0,1,0,0,1,170,170,252,1,1611.26
New Visitor,google / cpc,desktop,0,1,1,0,0,0,0,0,1,0,0,218,218,754,1,1609.37
Returning Visitor,email.t-online.de / referral,desktop,1,0,0,0,0,0,1,1,1,0,0,5,19,143,1,1607.67
Returning Visitor,hoteldelasletras.com / referral,desktop,1,0,0,0,0,0,0,1,1,0,0,19,26,65,3,1606.6
Returning Visitor,google / organic,desktop,1,0,0,0,0,0,0,0,1,0,0,97,142,559,1,1605.48
Returning Visitor,email / email,desktop,1,0,0,0,0,0,1,0,1,0,0,9,16,119,1,1605.01
New Visitor,TripAdvisor / referral,desktop,0,1,0,1,0,0,0,1,1,0,0,527,530,1615,2,1598.7
Returning Visitor,iberostarplayagaviotas.com / referral,desktop,1,0,0,0,0,0,0,1,1,0,0,15,24,57,1,1591.92
Returning Visitor,bing / organic,tablet,1,0,0,0,0,0,0,0,0,0,1,8,8,28,1,1582.7
Returning Visitor,google / organic,desktop,1,0,0,0,0,0,0,0,1,0,0,26,33,132,1,1572
Returning Visitor,airbus.mitarbeiterangebote.de / referral,desktop,1,0,0,0,0,0,0,1,1,0,0,1,2,14,1,1566.09
Returning Visitor,zf-betriebsrat-fn.mitarbeiterangebote.de / referral,desktop,1,0,0,0,0,0,0,1,1,0,0,1,5,20,1,1551.31
New Visitor,(direct) / (none),desktop,0,1,0,0,1,0,0,0,1,0,0,189,190,424,1,1546.46
Returning Visitor,google / cpc,desktop,1,0,1,0,0,0,0,0,1,0,0,18,31,106,1,1540.54
Returning Visitor,(direct) / (none),desktop,1,0,0,0,1,0,0,0,1,0,0,41,56,126,1,1535.5
New Visitor,google / organic,tablet,0,1,0,0,0,0,0,0,0,0,1,5055,5086,22758,1,1520.64
Returning Visitor,yandex.ru / referral,desktop,1,0,0,0,0,0,0,1,1,0,0,2,14,72,1,1511.67
New Visitor,BINGUK / cpc,desktop,0,1,0,0,0,0,0,0,1,0,0,113,113,439,1,1511.64
Returning Visitor,dekabank.mitarbeiterangebote.de / referral,desktop,1,0,0,0,0,0,0,1,1,0,0,1,14,77,1,1510.27
New Visitor,google / (not set),desktop,0,1,0,0,0,0,0,0,1,0,0,3,3,10,1,1504
New Visitor,trivago.se / referral,tablet,0,1,0,0,0,0,0,1,0,0,1,85,85,161,1,1497.29
Returning Visitor,mail21a.webmail.libero.it / referral,desktop,1,0,0,0,0,0,0,1,1,0,0,1,1,8,1,1496.88
Returning Visitor,grandhotelmencey.com / referral,desktop,1,0,0,0,0,0,0,1,1,0,0,24,42,112,2,1495.02
Returning Visitor,images.google / organic,desktop,1,0,0,0,0,0,0,0,1,0,0,77,94,290,1,1488.38
Returning Visitor,google / organic,desktop,1,0,0,0,0,0,0,0,1,0,0,194,331,1242,1,1486.8
Returning Visitor,iberostaranthelia.com / referral,desktop,1,0,0,0,0,0,0,1,1,0,0,29,40,110,1,1477.44
Returning Visitor,trivago.es / referral,mobile,1,0,0,0,0,0,0,1,0,1,0,192,274,755,4,1473.21
Returning Visitor,trivago.fr / referral,desktop,1,0,0,0,0,0,0,1,1,0,0,9,27,205,1,1470.07
New Visitor,dfa / cpc,desktop,0,1,0,0,0,1,0,0,1,0,0,470,470,1870,2,1456.97
Returning Visitor,dfa / cpm,desktop,1,0,0,0,0,1,0,0,1,0,0,21,90,229,2,1456.6
Returning Visitor,Facebook / Promoted-Post,desktop,1,0,0,0,0,0,0,0,1,0,0,2,4,25,1,1450.7
Returning Visitor,grandhotelmirador.com / referral,desktop,1,0,0,0,0,0,0,1,1,0,0,16,19,43,1,1448.37
New Visitor,snt148.mail.live.com / referral,desktop,0,1,0,0,0,0,0,1,1,0,0,1,1,9,1,1438.5
New Visitor,google / organic,desktop,0,1,0,0,0,0,0,0,1,0,0,195,195,683,1,1425.27
Returning Visitor,dfa / cpc,desktop,1,0,0,0,0,1,0,0,1,0,0,76,122,483,1,1422.45
New Visitor,tripadvisor.com / referral,desktop,0,1,0,1,0,0,0,1,1,0,0,239,239,1017,1,1414.4
Returning Visitor,3c-bap.web.de / referral,desktop,1,0,0,0,0,0,0,1,1,0,0,3,3,7,1,1412.18
Returning Visitor,TripAdvisor / referral,desktop,1,0,0,1,0,0,0,1,1,0,0,83,168,658,1,1389.6
Returning Visitor,grandhotelmirador.com / referral,desktop,1,0,0,0,0,0,0,1,1,0,0,2,3,34,1,1386.49
New Visitor,(direct) / (none),desktop,0,1,0,0,1,0,0,0,1,0,0,35,35,108,1,1380
Returning Visitor,TripAdvisor / referral,mobile,1,0,0,1,0,0,0,1,0,1,0,193,260,942,1,1366.63
Returning Visitor,Holidaycheck / referral,desktop,1,0,0,0,0,0,0,1,1,0,0,951,1427,5292,1,1348.45
New Visitor,olehotels.com / referral,desktop,0,1,0,0,0,0,0,1,1,0,0,2,2,5,1,1339.98
Returning Visitor,dfa / cpm,mobile,1,0,0,0,0,1,0,0,0,1,0,232,663,1285,1,1336.02
Returning Visitor,google / cpc,tablet,1,0,1,0,0,0,0,0,0,0,1,3,7,29,1,1335.51
Returning Visitor,dfa / cpm,desktop,1,0,0,0,0,1,0,0,1,0,0,12,23,103,1,1330.56
New Visitor,google / organic,tablet,0,1,0,0,0,0,0,0,0,0,1,1154,1156,4740,1,1330.38
Returning Visitor,AutoNewsRegistro / email,desktop,1,0,0,0,0,0,1,0,1,0,0,6,7,29,1,1320.01
Returning Visitor,bing / organic,desktop,1,0,0,0,0,0,0,0,1,0,0,1,1,6,1,1315.6
Returning Visitor,olehotels.com / referral,tablet,1,0,0,0,0,0,0,1,0,0,1,85,144,264,2,1310.14
Returning Visitor,google / organic,mobile,1,0,0,0,0,0,0,0,0,1,0,6571,11708,73198,2,1306.52
Returning Visitor,olehotels.com / referral,tablet,1,0,0,0,0,0,0,1,0,0,1,212,331,782,1,1298.23
Returning Visitor,grandhotelmencey.com / referral,mobile,1,0,0,0,0,0,0,1,0,1,0,30,50,111,6,1282.92
Returning Visitor,duckduckgo.com / referral,desktop,1,0,0,0,0,0,0,1,1,0,0,24,46,177,1,1279.08
Returning Visitor,myvouchercodes.co.uk / referral,tablet,1,0,0,0,0,0,0,1,0,0,1,71,126,448,1,1274.5
Returning Visitor,bing / organic,desktop,1,0,0,0,0,0,0,0,1,0,0,4,5,15,1,1272
New Visitor,trivago.dk / referral,desktop,0,1,0,0,0,0,0,1,1,0,0,232,232,396,1,1260.34
Returning Visitor,grandhotelmencey.com / referral,tablet,1,0,0,0,0,0,0,1,0,0,1,35,42,77,2,1256.67
New Visitor,email_AutoInce2Reserva / email,desktop,0,1,0,0,0,0,1,0,1,0,0,2,2,12,1,1244.88
Returning Visitor,hoteldelasletras.com / referral,desktop,1,0,0,0,0,0,0,1,1,0,0,7,15,34,1,1238.4
Returning Visitor,google / cpc,desktop,1,0,1,0,0,0,0,0,1,0,0,87,130,296,2,1224
Returning Visitor,int.search.myway.com / referral,desktop,1,0,0,0,0,0,0,1,1,0,0,1,2,4,1,1220.94
Returning Visitor,email_AutoInce2Reserva / email,desktop,1,0,0,0,0,0,1,0,1,0,0,1,2,12,1,1215
New Visitor,bing / organic,desktop,0,1,0,0,0,0,0,0,1,0,0,225,225,821,1,1211.4
New Visitor,aol / organic,desktop,0,1,0,0,0,0,0,0,1,0,0,60,60,230,1,1197.8
Returning Visitor,google / cpc,desktop,1,0,1,0,0,0,0,0,1,0,0,72,104,380,1,1177.96
Returning Visitor,google / organic,tablet,1,0,0,0,0,0,0,0,0,0,1,1249,2577,10958,1,1160.75
Returning Visitor,grandhotelmencey.com / referral,desktop,1,0,0,0,0,0,0,1,1,0,0,6,7,22,2,1157.82
Returning Visitor,email / email,desktop,1,0,0,0,0,0,1,0,1,0,0,86,149,524,1,1154.13
Returning Visitor,grandhotelmencey.com / referral,desktop,1,0,0,0,0,0,0,1,1,0,0,9,15,25,3,1153.26
Returning Visitor,olehotels.com / referral,desktop,1,0,0,0,0,0,0,1,1,0,0,5,14,35,1,1141.56
Returning Visitor,google / organic,mobile,1,0,0,0,0,0,0,0,0,1,0,3,9,49,1,1140
Returning Visitor,dfa / cpm,desktop,1,0,0,0,0,1,0,0,1,0,0,17,51,165,1,1132.7
New Visitor,bing / organic,desktop,0,1,0,0,0,0,0,0,1,0,0,362,363,1515,1,1130.76
Returning Visitor,dfa / cpm,desktop,1,0,0,0,0,1,0,0,1,0,0,32,119,432,1,1130.5
Returning Visitor,email / email,desktop,1,0,0,0,0,0,1,0,1,0,0,9,12,48,1,1130.22
Returning Visitor,bing / organic,tablet,1,0,0,0,0,0,0,0,0,0,1,306,525,2060,1,1128.96
Returning Visitor,dfa / cpm,desktop,1,0,0,0,0,1,0,0,1,0,0,10,40,88,1,1119.2
Returning Visitor,dfa / cpc,tablet,1,0,0,0,0,1,0,0,0,0,1,361,935,1665,1,1092.68
New Visitor,grandhotelmencey.com / referral,desktop,0,1,0,0,0,0,0,1,1,0,0,1,1,4,1,1089
New Visitor,trivago.fi / referral,tablet,0,1,0,0,0,0,0,1,0,0,1,1,1,9,1,1084.4
Returning Visitor,signorsconto.it / referral,desktop,1,0,0,0,0,0,0,1,1,0,0,7,7,34,1,1078.53
Returning Visitor,email_POSTESTANCIA / email,desktop,1,0,0,0,0,0,1,0,1,0,0,4,9,27,1,1077.3
Returning Visitor,newsletter / email,desktop,1,0,0,0,0,0,1,0,1,0,0,6,8,29,2,1076.01
Returning Visitor,sbb.ch / referral,desktop,1,0,0,0,0,0,0,1,1,0,0,4,5,35,2,1056.12
Returning Visitor,google / organic,desktop,1,0,0,0,0,0,0,0,1,0,0,21,25,84,1,1054.9
Returning Visitor,iberostarpoints.com / referral,desktop,1,0,0,0,0,0,0,1,1,0,0,5,6,48,1,1035.28
Returning Visitor,email / email,desktop,1,0,0,0,0,0,1,0,1,0,0,96,123,388,1,1023.35
New Visitor,google / organic,desktop,0,1,0,0,0,0,0,0,1,0,0,425,425,1278,1,1018.56
New Visitor,grandhotelmencey.com / referral,tablet,0,1,0,0,0,0,0,1,0,0,1,1,1,7,1,1018.08
New Visitor,(direct) / (none),mobile,0,1,0,0,1,0,0,0,0,1,0,1924,1930,8733,1,1017.37
New Visitor,boavistaofficial.com / referral,desktop,0,1,0,0,0,0,0,1,1,0,0,28,28,80,1,1008
New Visitor,grandhotelmirador.com / referral,desktop,0,1,0,0,0,0,0,1,1,0,0,40,41,74,1,1005.9
Returning Visitor,iberostarpoints.com / referral,desktop,1,0,0,0,0,0,0,1,1,0,0,1,1,10,1,1005.02
New Visitor,(direct) / (none),desktop,0,1,0,0,1,0,0,0,1,0,0,237,237,562,1,998.1
Returning Visitor,google / organic,tablet,1,0,0,0,0,0,0,0,0,0,1,8409,16198,73243,1,990
Returning Visitor,dfa / cpm,desktop,1,0,0,0,0,1,0,0,1,0,0,117,217,607,2,989.76
Returning Visitor,facebook.com / referral,desktop,1,0,0,0,0,0,0,1,1,0,0,38,55,157,1,950.4
New Visitor,yahoo / organic,desktop,0,1,0,0,0,0,0,0,1,0,0,365,365,1578,2,947.57
New Visitor,(direct) / (none),tablet,0,1,0,0,1,0,0,0,0,0,1,624,628,1997,1,939.6
Returning Visitor,newsletter / email,desktop,1,0,0,0,0,0,1,0,1,0,0,1,1,16,1,919.98
Returning Visitor,google / cpc,desktop,1,0,1,0,0,0,0,0,1,0,0,122,398,1048,4,913
New Visitor,insidertravel.nl / referral,desktop,0,1,0,0,0,0,0,1,1,0,0,76,76,245,1,905.68
Returning Visitor,google / (not set),desktop,1,0,0,0,0,0,0,0,1,0,0,3,6,34,1,904.8
Returning Visitor,dfa / cpm,tablet,1,0,0,0,0,1,0,0,0,0,1,201,459,1340,1,904.4
Returning Visitor,bing / organic,desktop,1,0,0,0,0,0,0,0,1,0,0,4,128,277,2,900.04
Returning Visitor,(direct) / (none),desktop,1,0,0,0,1,0,0,0,1,0,0,1,2,25,2,892.08
Returning Visitor,katieandjeremiahdocozumel.squarespace.com / referral,desktop,1,0,0,0,0,0,0,1,1,0,0,1,4,20,1,888
Returning Visitor,yahoo / organic,desktop,1,0,0,0,0,0,0,0,1,0,0,88,130,641,2,884.26
Returning Visitor,(direct) / (none),desktop,1,0,0,0,1,0,0,0,1,0,0,893,1171,4109,1,882
Returning Visitor,iberostarpoints.com / referral,desktop,1,0,0,0,0,0,0,1,1,0,0,9,18,77,1,881.28
Returning Visitor,weddingwire.com / referral,desktop,1,0,0,0,0,0,0,1,1,0,0,10,10,45,1,879
Returning Visitor,olehotels.com / referral,desktop,1,0,0,0,0,0,0,1,1,0,0,11,12,25,1,873.6
Returning Visitor,dbm / cpm,desktop,1,0,0,0,0,0,0,0,1,0,0,329,413,1327,1,872.1
New Visitor,tripadvisor / cpc,tablet,0,1,0,1,0,0,0,0,0,0,1,86,86,150,1,872.1
New Visitor,grandhotelmencey.com / referral,desktop,0,1,0,0,0,0,0,1,1,0,0,54,55,85,2,872.1
Returning Visitor,eon.mitarbeiterangebote.de / referral,desktop,1,0,0,0,0,0,0,1,1,0,0,2,2,6,1,871.42
New Visitor,TripAdvisor / referral,desktop,0,1,0,1,0,0,0,1,1,0,0,123,123,396,1,864
Returning Visitor,dfa / cpm,desktop,1,0,0,0,0,1,0,0,1,0,0,6,14,78,1,858.38
New Visitor,(direct) / (none),desktop,0,1,0,0,1,0,0,0,1,0,0,60,60,107,1,850.5
Returning Visitor,trivago.se / referral,mobile,1,0,0,0,0,0,0,1,0,1,0,14,26,63,1,845.5
Returning Visitor,grandhotelmirador.com / referral,mobile,1,0,0,0,0,0,0,1,0,1,0,5,5,11,1,841.5
Returning Visitor,iberostarpoints.com / referral,desktop,1,0,0,0,0,0,0,1,1,0,0,1,2,10,1,841.37
Returning Visitor,BINGFR / cpc,tablet,1,0,0,0,0,0,0,0,0,0,1,3,5,28,1,830.79
New Visitor,yahoo / organic,mobile,0,1,0,0,0,0,0,0,0,1,0,166,168,849,1,824.85
New Visitor,trivago.co.uk / referral,tablet,0,1,0,0,0,0,0,1,0,0,1,585,587,872,1,822.8
Returning Visitor,dfa / cpm,desktop,1,0,0,0,0,1,0,0,1,0,0,1,5,9,1,800.16
Returning Visitor,allianz.mitarbeiterangebote.de / referral,desktop,1,0,0,0,0,0,0,1,1,0,0,6,23,117,1,795.84
New Visitor,google / organic,desktop,0,1,0,0,0,0,0,0,1,0,0,96,96,302,1,786.6
Returning Visitor,bing / organic,desktop,1,0,0,0,0,0,0,0,1,0,0,5,12,50,1,780.52
New Visitor,dfa / cpc,tablet,0,1,0,0,0,1,0,0,0,0,1,6424,6432,12364,1,776
Returning Visitor,google / organic,desktop,1,0,0,0,0,0,0,0,1,0,0,48,66,164,1,775.69
Returning Visitor,olehotels.com / referral,desktop,1,0,0,0,0,0,0,1,1,0,0,3,3,9,1,774.9
New Visitor,google / organic,desktop,0,1,0,0,0,0,0,0,1,0,0,649,650,2139,1,766.3
Returning Visitor,startsiden / organic,desktop,1,0,0,0,0,0,0,0,1,0,0,5,10,68,1,720.12
New Visitor,google / organic,desktop,0,1,0,0,0,0,0,0,1,0,0,2151,2159,7285,1,716
Returning Visitor,google / organic,desktop,1,0,0,0,0,0,0,0,1,0,0,21,29,127,1,715.5
Returning Visitor,google / cpc,desktop,1,0,1,0,0,0,0,0,1,0,0,7,12,50,1,710
Returning Visitor,tripadvisor / cpc,desktop,1,0,0,1,0,0,0,0,1,0,0,91,129,347,1,709.01
New Visitor,google / organic,desktop,0,1,0,0,0,0,0,0,1,0,0,110,110,369,1,708
Returning Visitor,portal.swiss.com / referral,desktop,1,0,0,0,0,0,0,1,1,0,0,2,4,10,1,707.28
Returning Visitor,clubfnac.com / referral,desktop,1,0,0,0,0,0,0,1,1,0,0,9,9,27,1,707.06
Returning Visitor,google / organic,desktop,1,0,0,0,0,0,0,0,1,0,0,22,31,203,1,702
New Visitor,Holidaycheck / referral,desktop,0,1,0,0,0,0,0,1,1,0,0,1745,1750,5761,1,700.24
Returning Visitor,dfa / cpm,desktop,1,0,0,0,0,1,0,0,1,0,0,70,236,760,2,698.72
Returning Visitor,hoteldelasletras.com / referral,desktop,1,0,0,0,0,0,0,1,1,0,0,13,23,40,1,692.55
Returning Visitor,(direct) / (none),desktop,1,0,0,0,1,0,0,0,1,0,0,22,33,59,1,689.16
Returning Visitor,corporatebikeandfriends.com / referral,desktop,1,0,0,0,0,0,0,1,1,0,0,2,2,10,1,687.59
Returning Visitor,google / organic,tablet,1,0,0,0,0,0,0,0,0,0,1,4030,7697,34680,2,676.13
Returning Visitor,heartbeat.prod.int / referral,desktop,1,0,0,0,0,0,0,1,1,0,0,2,5,36,1,671.84
Returning Visitor,google / organic,desktop,1,0,0,0,0,0,0,0,1,0,0,20,29,98,1,645
Returning Visitor,newsletter_Cancun / emailEN,desktop,1,0,0,0,0,0,1,0,1,0,0,115,128,442,1,641.37
New Visitor,3c.gmx.net / referral,desktop,0,1,0,0,0,0,0,1,1,0,0,4,4,15,1,631.19
New Visitor,google / organic,desktop,0,1,0,0,0,0,0,0,1,0,0,284,284,984,1,619.12
New Visitor,hoteldelasletras.com / referral,desktop,0,1,0,0,0,0,0,1,1,0,0,45,45,69,2,618.3
New Visitor,jtri.ch / referral,tablet,0,1,0,0,0,0,0,1,0,0,1,2,2,7,1,611.64
Returning Visitor,172.16.101.151:15871 / referral,desktop,1,0,0,0,0,0,0,1,1,0,0,1,4,15,1,603.25
Returning Visitor,google / cpc,desktop,1,0,1,0,0,0,0,0,1,0,0,54,106,438,1,598.5
New Visitor,(direct) / (none),desktop,0,1,0,0,1,0,0,0,1,0,0,6,6,22,1,595.32
Returning Visitor,TripAdvisor / referral,desktop,1,0,0,1,0,0,0,1,1,0,0,227,324,1265,2,592.88
Returning Visitor,actiecode.nl / referral,desktop,1,0,0,0,0,0,0,1,1,0,0,11,18,74,1,585.9
New Visitor,clubicab.cat / referral,desktop,0,1,0,0,0,0,0,1,1,0,0,3,3,24,1,585.48
New Visitor,google / organic,desktop,0,1,0,0,0,0,0,0,1,0,0,191,192,547,1,583.2
Returning Visitor,olehotels.com / referral,desktop,1,0,0,0,0,0,0,1,1,0,0,1,8,42,1,582.12
New Visitor,google / organic,desktop,0,1,0,0,0,0,0,0,1,0,0,1182,1183,3471,1,579.2
Returning Visitor,grandhotelmencey.com / referral,desktop,1,0,0,0,0,0,0,1,1,0,0,1,1,4,1,569.92
Returning Visitor,olehotels.com / referral,mobile,1,0,0,0,0,0,0,1,0,1,0,55,112,252,2,566.1
New Visitor,grandhotelbudapest.com / referral,tablet,0,1,0,0,0,0,0,1,0,0,1,1,1,36,1,563.65
Returning Visitor,(direct) / (none),desktop,1,0,0,0,1,0,0,0,1,0,0,123,188,625,1,553.82
New Visitor,(direct) / (none),desktop,0,1,0,0,1,0,0,0,1,0,0,706,706,1983,1,543.6
New Visitor,grandhotelmencey.com / referral,desktop,0,1,0,0,0,0,0,1,1,0,0,46,46,90,1,541.31
New Visitor,grandhotelmencey.com / referral,desktop,0,1,0,0,0,0,0,1,1,0,0,2,2,9,1,540
Returning Visitor,grandhotelmencey.com / referral,desktop,1,0,0,0,0,0,0,1,1,0,0,6,9,24,1,526.7
New Visitor,suche.t-online.de / referral,desktop,0,1,0,0,0,0,0,1,1,0,0,526,527,1989,1,510.85
New Visitor,hoteldelasletras.com / referral,desktop,0,1,0,0,0,0,0,1,1,0,0,5,5,14,1,510.3
New Visitor,google / organic,desktop,0,1,0,0,0,0,0,0,1,0,0,2427,2430,7579,1,509.5
New Visitor,TripAdvisor / referral,desktop,0,1,0,1,0,0,0,1,1,0,0,354,354,1074,1,490.5
New Visitor,hoteldelasletras.com / referral,desktop,0,1,0,0,0,0,0,1,1,0,0,339,340,474,1,490.5
Returning Visitor,de.iberostarfuerteventurapalace.com / referral,desktop,1,0,0,0,0,0,0,1,1,0,0,3,4,10,1,482.99
New Visitor,TripAdvisor / referral,mobile,0,1,0,1,0,0,0,1,0,1,0,11,11,63,1,478.4
Returning Visitor,grandhotelmencey.com / referral,desktop,1,0,0,0,0,0,0,1,1,0,0,4,10,26,1,477.16
New Visitor,google / organic,desktop,0,1,0,0,0,0,0,0,1,0,0,288,288,684,1,477
New Visitor,google / organic,desktop,0,1,0,0,0,0,0,0,1,0,0,6187,6212,17933,1,473.53
Returning Visitor,hoteldelasletras.com / referral,desktop,1,0,0,0,0,0,0,1,1,0,0,9,11,24,1,468
Returning Visitor,mail.yandex.ru / referral,desktop,1,0,0,0,0,0,0,1,1,0,0,5,11,62,1,460.8
New Visitor,grandhotelmencey.com / referral,desktop,0,1,0,0,0,0,0,1,1,0,0,13,13,27,1,455
Returning Visitor,dfa / cpm,desktop,1,0,0,0,0,1,0,0,1,0,0,104,237,634,1,454.41
Returning Visitor,trivago.fi / referral,desktop,1,0,0,0,0,0,0,1,1,0,0,22,38,107,1,450.1
Returning Visitor,trivago.fr / referral,desktop,1,0,0,0,0,0,0,1,1,0,0,4,4,14,1,436.76
Returning Visitor,facebook.com / referral,desktop,1,0,0,0,0,0,0,1,1,0,0,3,20,116,1,431.46
New Visitor,google / organic,desktop,0,1,0,0,0,0,0,0,1,0,0,28,29,86,1,429.78
Returning Visitor,google / organic,desktop,1,0,0,0,0,0,0,0,1,0,0,3,3,23,1,429.78
New Visitor,tripadvisor / cpc,desktop,0,1,0,1,0,0,0,0,1,0,0,221,222,384,1,426.08
New Visitor,TripAdvisor / referral,desktop,0,1,0,1,0,0,0,1,1,0,0,367,368,948,1,420.3
Returning Visitor,redirect.viglink.com / referral,desktop,1,0,0,0,1,0,0,1,1,0,0,3,6,19,1,416.92
Returning Visitor,dfa / cpm,tablet,1,0,0,0,0,1,0,0,0,0,1,209,542,1261,1,405
Returning Visitor,olehotels.com / referral,desktop,1,0,0,0,0,0,0,1,1,0,0,1,5,12,1,397.29
Returning Visitor,trivago.de / referral,desktop,1,0,0,0,0,0,0,1,1,0,0,10,16,42,1,388.8
New Visitor,hoteldelasletras.com / referral,desktop,0,1,0,0,0,0,0,1,1,0,0,29,29,60,1,387
Returning Visitor,google / cpc,desktop,1,0,1,0,0,0,0,0,1,0,0,2,3,15,1,386.19
New Visitor,google / organic,mobile,0,1,0,0,0,0,0,0,0,1,0,1622,1622,8594,1,382.29
Returning Visitor,(direct) / (none),desktop,1,0,0,0,1,0,0,0,1,0,0,21,38,134,1,381.9
New Visitor,es.yhs4.search.yahoo.com / referral,desktop,0,1,0,0,0,0,0,1,1,0,0,4,4,11,1,378
New Visitor,(direct) / (none),desktop,0,1,0,0,1,0,0,0,1,0,0,339,339,1048,1,373
Returning Visitor,smartredirect.de / referral,desktop,1,0,0,0,1,0,0,1,1,0,0,18,24,140,1,369.36
New Visitor,TripAdvisor / referral,desktop,0,1,0,1,0,0,0,1,1,0,0,154,154,467,1,367.96
Returning Visitor,AutoNewsRegistro / email,desktop,1,0,0,0,0,0,1,0,1,0,0,15,22,101,1,363.2
Returning Visitor,dfa / cpm,desktop,1,0,0,0,0,1,0,0,1,0,0,11,191,373,2,356.24
New Visitor,iberostarfuerteventurapalace.com / referral,mobile,0,1,0,0,0,0,0,1,0,1,0,88,89,136,1,354.18
Returning Visitor,iberostarfuerteventurapalace.com / referral,mobile,1,0,0,0,0,0,0,1,0,1,0,25,45,112,1,354.18
Returning Visitor,tripadvisor / cpc,tablet,1,0,0,1,0,0,0,0,0,0,1,42,60,179,1,344.95
New Visitor,(direct) / (none),desktop,0,1,0,0,1,0,0,0,1,0,0,250,250,816,1,340
Returning Visitor,google / organic,desktop,1,0,0,0,0,0,0,0,1,0,0,45,70,214,1,334.8
New Visitor,trivago.de / referral,mobile,0,1,0,0,0,0,0,1,0,1,0,6,6,9,1,333.48
Returning Visitor,congrexprojects.com / referral,desktop,1,0,0,0,0,0,0,1,1,0,0,1,1,11,1,333.25
New Visitor,hoteldelasletras.com / referral,tablet,0,1,0,0,0,0,0,1,0,0,1,6,6,11,1,333
New Visitor,trivago.it / referral,tablet,0,1,0,0,0,0,0,1,0,0,1,196,198,287,1,327.04
New Visitor,grandhotelmencey.com / referral,desktop,0,1,0,0,0,0,0,1,1,0,0,4,4,9,1,319.81
New Visitor,trivago.co.uk / referral,desktop,0,1,0,0,0,0,0,1,1,0,0,764,765,1211,1,300.9
New Visitor,grandhotelmencey.com / referral,mobile,0,1,0,0,0,0,0,1,0,1,0,5,5,12,1,297.5
New Visitor,google / cpc,desktop,0,1,1,0,0,0,0,0,1,0,0,220,221,544,1,296.7
New Visitor,congrexprojects.com / referral,desktop,0,1,0,0,0,0,0,1,1,0,0,3,3,9,1,293.25
Returning Visitor,insidertravel.nl / referral,desktop,1,0,0,0,0,0,0,1,1,0,0,123,227,757,2,291.16
Returning Visitor,babylon / organic,desktop,1,0,0,0,0,0,0,0,1,0,0,2,3,14,1,285
New Visitor,google / organic,desktop,0,1,0,0,0,0,0,0,1,0,0,189,189,616,1,271.7
New Visitor,grandhotelmencey.com / referral,tablet,0,1,0,0,0,0,0,1,0,0,1,1,1,4,1,267.75
Returning Visitor,tripadvisor / cpc,desktop,1,0,0,1,0,0,0,0,1,0,0,193,240,550,2,259.33
New Visitor,grandhotelmencey.com / referral,tablet,0,1,0,0,0,0,0,1,0,0,1,80,80,122,1,257.03
Returning Visitor,google / organic,desktop,1,0,0,0,0,0,0,0,1,0,0,10,14,46,1,246
Returning Visitor,trivago.co.uk / referral,desktop,1,0,0,0,0,0,0,1,1,0,0,2,4,10,1,242.25
Returning Visitor,google / organic,desktop,1,0,0,0,0,0,0,0,1,0,0,613,913,3381,1,240.84
Returning Visitor,yahoo / organic,desktop,1,0,0,0,0,0,0,0,1,0,0,2,2,31,1,239.28
Returning Visitor,sofort.com / referral,tablet,1,0,0,0,0,0,0,1,0,0,1,1,1,1,1,213.95
Returning Visitor,google / organic,mobile,1,0,0,0,0,0,0,0,0,1,0,84,152,680,2,189
New Visitor,(direct) / (none),desktop,0,1,0,0,1,0,0,0,1,0,0,52,52,118,1,187.2
New Visitor,trivago.fr / referral,desktop,0,1,0,0,0,0,0,1,1,0,0,623,623,1155,1,181.69
Returning Visitor,colectivosvip.com / referral,desktop,1,0,0,0,0,0,0,1,1,0,0,41,62,298,1,180.16
Returning Visitor,google / organic,desktop,1,0,0,0,0,0,0,0,1,0,0,121,160,379,1,172
Returning Visitor,trivago.fr / referral,mobile,1,0,0,0,0,0,0,1,0,1,0,5,5,17,1,169.58
New Visitor,trivago.es / referral,mobile,0,1,0,0,0,0,0,1,0,1,0,935,939,1346,1,168.06
Returning Visitor,trivago.de / referral,desktop,1,0,0,0,0,0,0,1,1,0,0,5,10,21,1,160
Returning Visitor,hoteldelasletras.com / referral,desktop,1,0,0,0,0,0,0,1,1,0,0,2,3,6,1,155
New Visitor,hoteldelasletras.com / referral,mobile,0,1,0,0,0,0,0,1,0,1,0,10,10,17,1,148.5
Returning Visitor,hoteldelasletras.com / referral,desktop,1,0,0,0,0,0,0,1,1,0,0,9,10,20,1,148.5
New Visitor,google / cpc,desktop,0,1,1,0,0,0,0,0,1,0,0,231,231,510,1,140
Returning Visitor,olehotels.com / referral,mobile,1,0,0,0,0,0,0,1,0,1,0,124,154,275,1,133.65
New Visitor,trivago.de / referral,mobile,0,1,0,0,0,0,0,1,0,1,0,378,378,641,1,132
New Visitor,tripadvisor / cpc,tablet,0,1,0,1,0,0,0,0,0,0,1,119,119,166,1,112.65
Returning Visitor,bing / organic,desktop,1,0,0,0,0,0,0,0,1,0,0,358,540,1934,1,100.8
Returning Visitor,trivago.it / referral,desktop,1,0,0,0,0,0,0,1,1,0,0,1,1,5,1,98.8
New Visitor,(direct) / (none),tablet,0,1,0,0,1,0,0,0,0,0,1,12,12,33,1,90
New Visitor,trivago.es / referral,tablet,0,1,0,0,0,0,0,1,0,0,1,420,421,651,1,86.11
New Visitor,trivago.de / referral,mobile,0,1,0,0,0,0,0,1,0,1,0,13,13,19,1,86.11
Returning Visitor,trivago.fr / referral,mobile,1,0,0,0,0,0,0,1,0,1,0,2,2,11,1,81.7
Returning Visitor,tripadvisor / cpc,mobile,1,0,0,1,0,0,0,0,0,1,0,267,347,1584,1,77.5
New Visitor,tunisiadeal.com / referral,desktop,0,1,0,0,0,0,0,1,1,0,0,21,21,36,1,70
New Visitor,trivago.de / referral,tablet,0,1,0,0,0,0,0,1,0,0,1,12,12,18,1,46.8